<?xml version="1.0" encoding="utf-8"?>
<extension type="module" version="3.4" client="site" method="upgrade">
  <name>SP Recent Result</name>
  <author>JoomShaper.com</author>
  <creationDate>Jun 2015</creationDate>
  <copyright>Copyright (C) 2010 - 2015 JoomShaper.com. All rights reserved.</copyright>
  <license>http://www.gnu.org/licenses/gpl-2.0.html GNU/GPL or Later</license>
  <authorEmail>support@joomshaper.com</authorEmail>
  <authorUrl>www.joomshaper.com</authorUrl>
  <version>1.1</version>
  <description>SP recent Result</description>
  <languages>
    <language tag="en-GB">language/en-GB.mod_sp_soccer_recent_results.ini</language>
  </languages>
  <files>
    <filename module="mod_sp_soccer_recent_results">mod_sp_soccer_recent_results.php</filename>
    <filename>helper.php</filename>
    <folder>assets</folder>
    <folder>fields/</folder>
    <folder>language</folder>
    <folder>tmpl/</folder>
  </files>
  <config>
    <fields name="params">

      <fieldset name="basic" addfieldpath="/modules/mod_sp_soccer_recent_results/fields">

        <field name="tournament" type="tournaments" label="Tournament" description="Select a Tournament" />

        <field name="limit" type="number" label="Item Limit"  default="6" description="Limit of items" />

        <field name="row" type="number" label="Item per slide"  default="3" description="Item of per slide" />

        <field name="feature1_hr" type="spacer" hr="true" />

      </fieldset>

      <fieldset name="advanced">
        <!-- <field name="layout" type="modulelayout" label="JFIELD_ALT_LAYOUT_LABEL" description="JFIELD_ALT_MODULE_LAYOUT_DESC" /> -->
        <field name="moduleclass_sfx" type="text" label="COM_MODULES_FIELD_MODULECLASS_SFX_LABEL" description="COM_MODULES_FIELD_MODULECLASS_SFX_DESC" />
        <field name="force_load_fontawesome" type="list" default="0" label="SP_FORCE_LOAD_FONT_AWESOME" description="SP_FORCE_LOAD_FONT_AWESOME_DESC">
          <option value="0">SP_FORCE_LOAD_NO</option>
          <option value="1">SP_FORCE_LOAD_YES</option>
        </field>
        <field name="module_cache" type="list" default="1" label="COM_MODULES_FIELD_CACHING_LABEL" description="COM_MODULES_FIELD_CACHING_DESC">
          <option value="1">JGLOBAL_USE_GLOBAL</option>
          <option value="0">COM_MODULES_FIELD_VALUE_NOCACHING</option>
        </field>
        <field name="cache" type="hidden" default="1" />
        <field name="cache_time" type="text" default="900" label="COM_MODULES_FIELD_CACHE_TIME_LABEL" description="COM_MODULES_FIELD_CACHE_TIME_DESC" />
        <field name="cachemode" type="hidden" default="itemid">
         <option value="itemid"></option>
       </field>
     </fieldset> <!-- END:: advance -->

   </fields>
 </config>
</extension>
